3 0 0, -0.707107 -0 0.707107,-0.853119,-0.808209
2.89778 0.776457 0, -0.683013 -0.183013 0.707107,-0.853119,-0.808209
2.59808 1.5 0, -0.612372 -0.353553 0.707107,-0.8394,-0.808209
2.12132 2.12132 0, -0.5 -0.5 0.707107,-0.8394,-0.808209
1.5 2.59808 0, -0.353553 -0.612372 0.707107,-0.8394,-0.808209
0.776457 2.89778 0, -0.183013 -0.683013 0.707107,-0.8394,-0.808209
-3.10235e-13 3 0, 7.3123e-14 -0.707107 0.707107,-0.828322,-0.808209
-0.776457 2.89778 0, 0.183013 -0.683013 0.707107,-0.828322,-0.808209
-1.5 2.59808 0, 0.353553 -0.612372 0.707107,-0.827444,-0.808209
-2.12132 2.12132 0, 0.5 -0.5 0.707107,-0.827444,-0.808209
-2.59808 1.5 0, 0.612372 -0.353553 0.707107,-0.823571,-0.808209
-2.89778 0.776457 0, 0.683013 -0.183013 0.707107,-0.823571,-0.808209
-3 -6.23134e-13 0, 0.707107 1.46874e-13 0.707107,-0.822684,-0.808209
-2.89778 -0.776457 0, 0.683013 0.183013 0.707107,-0.822684,-0.808209
-2.59808 -1.5 0, 0.612372 0.353553 0.707107,-0.818522,-0.808209
-2.12132 -2.12132 0, 0.5 0.5 0.707107,-0.818522,-0.808209
-1.5 -2.59808 0, 0.353553 0.612372 0.707107,-0.817635,-0.808209
-0.776457 -2.89778 0, 0.183013 0.683013 0.707107,-0.817635,-0.808209
9.37365e-13 -3 0, -2.20939e-13 0.707107 0.707107,-0.816163,-0.808209
0.776457 -2.89778 0, -0.183013 0.683013 0.707107,-0.816163,-0.808209
1.5 -2.59808 0, -0.353553 0.612372 0.707107,-0.816163,-0.808209
2.12132 -2.12132 0, -0.5 0.5 0.707107,-0.816163,-0.808209
2.59808 -1.5 0, -0.612372 0.353553 0.707107,-0.815252,-0.808209
2.89778 -0.776457 0, -0.683013 0.183013 0.707107,-0.815252,-0.808209
2.95 0 0.05, -0.707107 -0 -0.707107,-0.815252,-0.808209
2.84948 0.763516 0.05, -0.683013 -0.183013 -0.707107,-0.815252,-0.808209
2.55477 1.475 0.05, -0.612372 -0.353553 -0.707107,-0.813198,-0.808209
2.08597 2.08597 0.05, -0.5 -0.5 -0.707107,-0.813198,-0.808209
1.475 2.55477 0.05, -0.353553 -0.612372 -0.707107,-0.812322,-0.808209
0.763516 2.84948 0.05, -0.183013 -0.683013 -0.707107,-0.812322,-0.808209
-3.05064e-13 2.95 0.05, 7.3123e-14 -0.707107 -0.707107,-0.811395,-0.808209
-0.763516 2.84948 0.05, 0.183013 -0.683013 -0.707107,-0.811395,-0.808209
-1.475 2.55477 0.05, 0.353553 -0.612372 -0.707107,-0.811395,-0.808209
-2.08597 2.08597 0.05, 0.5 -0.5 -0.707107,-0.811395,-0.808209
-2.55477 1.475 0.05, 0.612372 -0.353553 -0.707107,-0.810474,-0.808209
-2.84948 0.763516 0.05, 0.683013 -0.183013 -0.707107,-0.810474,-0.808209
-2.95 -6.12748e-13 0.05, 0.707107 1.46874e-13 -0.707107,-0.810474,-0.808209
-2.84948 -0.763516 0.05, 0.683013 0.183013 -0.707107,-0.810474,-0.808209
-2.55477 -1.475 0.05, 0.612372 0.353553 -0.707107,-0.807623,-0.808209
-2.08597 -2.08597 0.05, 0.5 0.5 -0.707107,-0.807623,-0.808209
-1.475 -2.55477 0.05, 0.353553 0.612372 -0.707107,-0.806766,-0.808209
-0.763516 -2.84948 0.05, 0.183013 0.683013 -0.707107,-0.806766,-0.808209
9.21743e-13 -2.95 0.05, -2.20939e-13 0.707107 -0.707107,-0.806328,-0.808209
0.763516 -2.84948 0.05, -0.183013 0.683013 -0.707107,-0.806328,-0.808209
1.475 -2.55477 0.05, -0.353553 0.612372 -0.707107,-0.806328,-0.808209
2.08597 -2.08597 0.05, -0.5 0.5 -0.707107,-0.806328,-0.808209
2.55477 -1.475 0.05, -0.612372 0.353553 -0.707107,-0.805406,-0.808209
2.84948 -0.763516 0.05, -0.683013 0.183013 -0.707107,-0.805406,-0.808209
2.9 0 0.1, -0.707107 -0 -0.707107,-0.805406,-0.808208
2.80118 0.750575 0.1, -0.683013 -0.183013 -0.707107,-0.805406,-0.808208
2.51147 1.45 0.1, -0.612372 -0.353553 -0.707107,-0.80182,-0.808208
2.05061 2.05061 0.1, -0.5 -0.5 -0.707107,-0.80182,-0.808208
1.45 2.51147 0.1, -0.353553 -0.612372 -0.707107,-0.80099,-0.808208
0.750575 2.80118 0.1, -0.183013 -0.683013 -0.707107,-0.80099,-0.808208
-2.99894e-13 2.9 0.1, 7.3123e-14 -0.707107 -0.707107,-0.800985,-0.808208
-0.750575 2.80118 0.1, 0.183013 -0.683013 -0.707107,-0.800985,-0.808208
-1.45 2.51147 0.1, 0.353553 -0.612372 -0.707107,-0.800985,-0.808208
-2.05061 2.05061 0.1, 0.5 -0.5 -0.707107,-0.800985,-0.808208
-2.51147 1.45 0.1, 0.612372 -0.353553 -0.707107,-0.800073,-0.808208
-2.80118 0.750575 0.1, 0.683013 -0.183013 -0.707107,-0.800073,-0.808208
-2.9 -6.02363e-13 0.1, 0.707107 1.46874e-13 -0.707107,-0.800073,-0.808208
-2.80118 -0.750575 0.1, 0.683013 0.183013 -0.707107,-0.800073,-0.808208
-2.51147 -1.45 0.1, 0.612372 0.353553 -0.707107,-0.798886,-0.808208
-2.05061 -2.05061 0.1, 0.5 0.5 -0.707107,-0.798886,-0.808208
-1.45 -2.51147 0.1, 0.353553 0.612372 -0.707107,-0.798886,-0.808208
-0.750575 -2.80118 0.1, 0.183013 0.683013 -0.707107,-0.798886,-0.808208
9.0612e-13 -2.9 0.1, -2.20939e-13 0.707107 -0.707107,-0.795811,-0.808208
0.750575 -2.80118 0.1, -0.183013 0.683013 -0.707107,-0.795811,-0.808208
1.45 -2.51147 0.1, -0.353553 0.612372 -0.707107,-0.79539,-0.808208
2.05061 -2.05061 0.1, -0.5 0.5 -0.707107,-0.79539,-0.808208
2.51147 -1.45 0.1, -0.612372 0.353553 -0.707107,-0.79539,-0.808208
2.80118 -0.750575 0.1, -0.683013 0.183013 -0.707107,-0.79539,-0.808208
2.85 0 0.15, -0.707107 -0 -0.707107,-0.795015,-0.808208
2.75289 0.737634 0.15, -0.683013 -0.183013 -0.707107,-0.795015,-0.808208
2.46817 1.425 0.15, -0.612372 -0.353553 -0.707107,-0.794497,-0.808208
2.01525 2.01525 0.15, -0.5 -0.5 -0.707107,-0.794497,-0.808208
1.425 2.46817 0.15, -0.353553 -0.612372 -0.707107,-0.794497,-0.808208
0.737634 2.75289 0.15, -0.183013 -0.683013 -0.707107,-0.794497,-0.808208
-2.94723e-13 2.85 0.15, 7.3123e-14 -0.707107 -0.707107,-0.789616,-0.808208
-0.737634 2.75289 0.15, 0.183013 -0.683013 -0.707107,-0.789616,-0.808208
-1.425 2.46817 0.15, 0.353553 -0.612372 -0.707107,-0.789567,-0.808208
-2.01525 2.01525 0.15, 0.5 -0.5 -0.707107,-0.789567,-0.808208
-2.46817 1.425 0.15, 0.612372 -0.353553 -0.707107,-0.789567,-0.808208
-2.75289 0.737634 0.15, 0.683013 -0.183013 -0.707107,-0.789567,-0.808208
-2.85 -5.91977e-13 0.15, 0.707107 1.46874e-13 -0.707107,-0.788862,-0.808208
-2.75289 -0.737634 0.15, 0.683013 0.183013 -0.707107,-0.788862,-0.808208
-2.46817 -1.425 0.15, 0.612372 0.353553 -0.707107,-0.7887,-0.808208
-2.01525 -2.01525 0.15, 0.5 0.5 -0.707107,-0.7887,-0.808208
-1.425 -2.46817 0.15, 0.353553 0.612372 -0.707107,-0.7887,-0.808208
-0.737634 -2.75289 0.15, 0.183013 0.683013 -0.707107,-0.7887,-0.808208
8.90497e-13 -2.85 0.15, -2.20939e-13 0.707107 -0.707107,-0.783537,-0.808208
0.737634 -2.75289 0.15, -0.183013 0.683013 -0.707107,-0.783537,-0.808208
1.425 -2.46817 0.15, -0.353553 0.612372 -0.707107,-0.783537,-0.808208
2.01525 -2.01525 0.15, -0.5 0.5 -0.707107,-0.783537,-0.808208
2.46817 -1.425 0.15, -0.612372 0.353553 -0.707107,-0.783257,-0.808208
2.75289 -0.737634 0.15, -0.683013 0.183013 -0.707107,-0.783257,-0.808208
2.8 0 0.2, -0.707107 -0 -0.707107,-0.782704,-0.808205
2.70459 0.724693 0.2, -0.683013 -0.183013 -0.707107,-0.782704,-0.808205
2.42487 1.4 0.2, -0.612372 -0.353553 -0.707107,-0.782704,-0.808205
1.9799 1.9799 0.2, -0.5 -0.5 -0.707107,-0.782704,-0.808205
1.4 2.42487 0.2, -0.353553 -0.612372 -0.707107,-0.782548,-0.808205
0.724693 2.70459 0.2, -0.183013 -0.683013 -0.707107,-0.782548,-0.808205
-2.89552e-13 2.8 0.2, 7.3123e-14 -0.707107 -0.707107,-0.780492,-0.808205
-0.724693 2.70459 0.2, 0.183013 -0.683013 -0.707107,-0.780492,-0.808205
-1.4 2.42487 0.2, 0.353553 -0.612372 -0.707107,-0.780492,-0.808205
-1.9799 1.9799 0.2, 0.5 -0.5 -0.707107,-0.780492,-0.808205
-2.42487 1.4 0.2, 0.612372 -0.353553 -0.707107,-0.77948,-0.808205
-2.70459 0.724693 0.2, 0.683013 -0.183013 -0.707107,-0.77948,-0.808205
-2.8 -5.81592e-13 0.2, 0.707107 1.46874e-13 -0.707107,-0.77948,-0.808205
-2.70459 -0.724693 0.2, 0.683013 0.183013 -0.707107,-0.77948,-0.808205
-2.42487 -1.4 0.2, 0.612372 0.353553 -0.707107,-0.777322,-0.808205
-1.9799 -1.9799 0.2, 0.5 0.5 -0.707107,-0.777322,-0.808205
-1.4 -2.42487 0.2, 0.353553 0.612372 -0.707107,-0.777322,-0.808205
-0.724693 -2.70459 0.2, 0.183013 0.683013 -0.707107,-0.777322,-0.808205
8.74874e-13 -2.8 0.2, -2.20939e-13 0.707107 -0.707107,-0.776751,-0.808205
0.724693 -2.70459 0.2, -0.183013 0.683013 -0.707107,-0.776751,-0.808205
1.4 -2.42487 0.2, -0.353553 0.612372 -0.707107,-0.776529,-0.808205
1.9799 -1.9799 0.2, -0.5 0.5 -0.707107,-0.776529,-0.808205
2.42487 -1.4 0.2, -0.612372 0.353553 -0.707107,-0.776529,-0.808205
2.70459 -0.724693 0.2, -0.683013 0.183013 -0.707107,-0.776529,-0.808205
2.75 0 0.25, -0.707107 -0 -0.707107,-0.776093,-0.808191
2.6563 0.711752 0.25, -0.683013 -0.183013 -0.707107,-0.776093,-0.808191
2.38157 1.375 0.25, -0.612372 -0.353553 -0.707107,-0.775671,-0.808191
1.94454 1.94454 0.25, -0.5 -0.5 -0.707107,-0.775671,-0.808191
1.375 2.38157 0.25, -0.353553 -0.612372 -0.707107,-0.775671,-0.808191
0.711752 2.6563 0.25, -0.183013 -0.683013 -0.707107,-0.775671,-0.808191
-2.84382e-13 2.75 0.25, 7.3123e-14 -0.707107 -0.707107,-0.774645,-0.808191
-0.711752 2.6563 0.25, 0.183013 -0.683013 -0.707107,-0.774645,-0.808191
-1.375 2.38157 0.25, 0.353553 -0.612372 -0.707107,-0.774645,-0.808191
-1.94454 1.94454 0.25, 0.5 -0.5 -0.707107,-0.774645,-0.808191
-2.38157 1.375 0.25, 0.612372 -0.353553 -0.707107,-0.770942,-0.808191
-2.6563 0.711752 0.25, 0.683013 -0.183013 -0.707107,-0.770942,-0.808191
-2.75 -5.71206e-13 0.25, 0.707107 1.46874e-13 -0.707107,-0.770942,-0.808191
-2.6563 -0.711752 0.25, 0.683013 0.183013 -0.707107,-0.770942,-0.808191
-2.38157 -1.375 0.25, 0.612372 0.353553 -0.707107,-0.770547,-0.808191
-1.94454 -1.94454 0.25, 0.5 0.5 -0.707107,-0.770547,-0.808191
-1.375 -2.38157 0.25, 0.353553 0.612372 -0.707107,-0.770547,-0.808191
-0.711752 -2.6563 0.25, 0.183013 0.683013 -0.707107,-0.770547,-0.808191
8.59252e-13 -2.75 0.25, -2.20939e-13 0.707107 -0.707107,-0.770194,-0.808191
0.711752 -2.6563 0.25, -0.183013 0.683013 -0.707107,-0.770194,-0.808191
1.375 -2.38157 0.25, -0.353553 0.612372 -0.707107,-0.770194,-0.808191
1.94454 -1.94454 0.25, -0.5 0.5 -0.707107,-0.770194,-0.808191
2.38157 -1.375 0.25, -0.612372 0.353553 -0.707107,-0.770116,-0.808191
2.6563 -0.711752 0.25, -0.683013 0.183013 -0.707107,-0.770116,-0.808191
2.7 0 0.3, -0.707107 -0 -0.707107,-0.769517,-0.808183
2.608 0.698811 0.3, -0.683013 -0.183013 -0.707107,-0.769517,-0.808183
2.33827 1.35 0.3, -0.612372 -0.353553 -0.707107,-0.769517,-0.808183
1.90919 1.90919 0.3, -0.5 -0.5 -0.707107,-0.769517,-0.808183
1.35 2.33827 0.3, -0.353553 -0.612372 -0.707107,-0.769513,-0.808183
0.698811 2.608 0.3, -0.183013 -0.683013 -0.707107,-0.769513,-0.808183
-2.79211e-13 2.7 0.3, 7.3123e-14 -0.707107 -0.707107,-0.765145,-0.808183
-0.698811 2.608 0.3, 0.183013 -0.683013 -0.707107,-0.765145,-0.808183
-1.35 2.33827 0.3, 0.353553 -0.612372 -0.707107,-0.765145,-0.808183
-1.90919 1.90919 0.3, 0.5 -0.5 -0.707107,-0.765145,-0.808183
-2.33827 1.35 0.3, 0.612372 -0.353553 -0.707107,-0.764415,-0.808183
-2.608 0.698811 0.3, 0.683013 -0.183013 -0.707107,-0.764415,-0.808183
-2.7 -5.6082e-13 0.3, 0.707107 1.46874e-13 -0.707107,-0.764415,-0.808183
-2.608 -0.698811 0.3, 0.683013 0.183013 -0.707107,-0.764415,-0.808183
-2.33827 -1.35 0.3, 0.612372 0.353553 -0.707107,-0.76412,-0.808183
-1.90919 -1.90919 0.3, 0.5 0.5 -0.707107,-0.76412,-0.808183
-1.35 -2.33827 0.3, 0.353553 0.612372 -0.707107,-0.76412,-0.808183
-0.698811 -2.608 0.3, 0.183013 0.683013 -0.707107,-0.76412,-0.808183
8.43629e-13 -2.7 0.3, -2.20939e-13 0.707107 -0.707107,-0.763718,-0.808183
0.698811 -2.608 0.3, -0.183013 0.683013 -0.707107,-0.763718,-0.808183
1.35 -2.33827 0.3, -0.353553 0.612372 -0.707107,-0.763718,-0.808183
1.90919 -1.90919 0.3, -0.5 0.5 -0.707107,-0.763718,-0.808183
2.33827 -1.35 0.3, -0.612372 0.353553 -0.707107,-0.76337,-0.808183
2.608 -0.698811 0.3, -0.683013 0.183013 -0.707107,-0.76337,-0.808183
2.65 0 0.35, -0.707107 -0 -0.707107,-0.762826,-0.808183
2.5597 0.68587 0.35, -0.683013 -0.183013 -0.707107,-0.762826,-0.808183
2.29497 1.325 0.35, -0.612372 -0.353553 -0.707107,-0.759488,-0.808183
1.87383 1.87383 0.35, -0.5 -0.5 -0.707107,-0.759488,-0.808183
1.325 2.29497 0.35, -0.353553 -0.612372 -0.707107,-0.759488,-0.808183
0.68587 2.5597 0.35, -0.183013 -0.683013 -0.707107,-0.759488,-0.808183
-2.74041e-13 2.65 0.35, 7.3123e-14 -0.707107 -0.707107,-0.75848,-0.808183
-0.68587 2.5597 0.35, 0.183013 -0.683013 -0.707107,-0.75848,-0.808183
-1.325 2.29497 0.35, 0.353553 -0.612372 -0.707107,-0.75848,-0.808183
-1.87383 1.87383 0.35, 0.5 -0.5 -0.707107,-0.75848,-0.808183
-2.29497 1.325 0.35, 0.612372 -0.353553 -0.707107,-0.757761,-0.808183
-2.5597 0.68587 0.35, 0.683013 -0.183013 -0.707107,-0.757761,-0.808183
-2.65 -5.50435e-13 0.35, 0.707107 1.46874e-13 -0.707107,-0.757761,-0.808183
-2.5597 -0.68587 0.35, 0.683013 0.183013 -0.707107,-0.757761,-0.808183
-2.29497 -1.325 0.35, 0.612372 0.353553 -0.707107,-0.757118,-0.808183
-1.87383 -1.87383 0.35, 0.5 0.5 -0.707107,-0.757118,-0.808183
-1.325 -2.29497 0.35, 0.353553 0.612372 -0.707107,-0.757118,-0.808183
-0.68587 -2.5597 0.35, 0.183013 0.683013 -0.707107,-0.757118,-0.808183
8.28006e-13 -2.65 0.35, -2.20939e-13 0.707107 -0.707107,-0.756529,-0.808183
0.68587 -2.5597 0.35, -0.183013 0.683013 -0.707107,-0.756529,-0.808183
1.325 -2.29497 0.35, -0.353553 0.612372 -0.707107,-0.756047,-0.808183
1.87383 -1.87383 0.35, -0.5 0.5 -0.707107,-0.756047,-0.808183
2.29497 -1.325 0.35, -0.612372 0.353553 -0.707107,-0.753602,-0.808183
2.5597 -0.68587 0.35, -0.683013 0.183013 -0.707107,-0.753602,-0.808183
2.6 0 0.4, -0.707107 -0 -0.707107,-0.753602,-0.808172
2.51141 0.67293 0.4, -0.683013 -0.183013 -0.707107,-0.753602,-0.808172
2.25167 1.3 0.4, -0.612372 -0.353553 -0.707107,-0.752617,-0.808172
1.83848 1.83848 0.4, -0.5 -0.5 -0.707107,-0.752617,-0.808172
1.3 2.25167 0.4, -0.353553 -0.612372 -0.707107,-0.752617,-0.808172
0.67293 2.51141 0.4, -0.183013 -0.683013 -0.707107,-0.752617,-0.808172
-2.6887e-13 2.6 0.4, 7.3123e-14 -0.707107 -0.707107,-0.750995,-0.808172
-0.67293 2.51141 0.4, 0.183013 -0.683013 -0.707107,-0.750995,-0.808172
-1.3 2.25167 0.4, 0.353553 -0.612372 -0.707107,-0.750995,-0.808172
-1.83848 1.83848 0.4, 0.5 -0.5 -0.707107,-0.750995,-0.808172
-2.25167 1.3 0.4, 0.612372 -0.353553 -0.707107,-0.750411,-0.808172
-2.51141 0.67293 0.4, 0.683013 -0.183013 -0.707107,-0.750411,-0.808172
-2.6 -5.40049e-13 0.4, 0.707107 1.46874e-13 -0.707107,-0.750411,-0.808172
-2.51141 -0.67293 0.4, 0.683013 0.183013 -0.707107,-0.750411,-0.808172
-2.25167 -1.3 0.4, 0.612372 0.353553 -0.707107,-0.749606,-0.808172
-1.83848 -1.83848 0.4, 0.5 0.5 -0.707107,-0.749606,-0.808172
-1.3 -2.25167 0.4, 0.353553 0.612372 -0.707107,-0.749189,-0.808172
-0.67293 -2.51141 0.4, 0.183013 0.683013 -0.707107,-0.749189,-0.808172
8.12383e-13 -2.6 0.4, -2.20939e-13 0.707107 -0.707107,-0.747508,-0.808172
0.67293 -2.51141 0.4, -0.183013 0.683013 -0.707107,-0.747508,-0.808172
1.3 -2.25167 0.4, -0.353553 0.612372 -0.707107,-0.747508,-0.808172
1.83848 -1.83848 0.4, -0.5 0.5 -0.707107,-0.747508,-0.808172
2.25167 -1.3 0.4, -0.612372 0.353553 -0.707107,-0.746554,-0.808172
2.51141 -0.67293 0.4, -0.683013 0.183013 -0.707107,-0.746554,-0.808172
2.55 0 0.45, -0.707107 -0 -0.707107,-0.746554,-0.808134
2.46311 0.659989 0.45, -0.683013 -0.183013 -0.707107,-0.746554,-0.808134
2.20836 1.275 0.45, -0.612372 -0.353553 -0.707107,-0.744134,-0.808134
1.80312 1.80312 0.45, -0.5 -0.5 -0.707107,-0.744134,-0.808134
1.275 2.20836 0.45, -0.353553 -0.612372 -0.707107,-0.744134,-0.808134
0.659989 2.46311 0.45, -0.183013 -0.683013 -0.707107,-0.744134,-0.808134
-2.63699e-13 2.55 0.45, 7.3123e-14 -0.707107 -0.707107,-0.743612,-0.808134
-0.659989 2.46311 0.45, 0.183013 -0.683013 -0.707107,-0.743612,-0.808134
-1.275 2.20836 0.45, 0.353553 -0.612372 -0.707107,-0.743612,-0.808134
-1.80312 1.80312 0.45, 0.5 -0.5 -0.707107,-0.743612,-0.808134
-2.20836 1.275 0.45, 0.612372 -0.353553 -0.707107,-0.742618,-0.808134
-2.46311 0.659989 0.45, 0.683013 -0.183013 -0.707107,-0.742618,-0.808134
-2.55 -5.29664e-13 0.45, 0.707107 1.46874e-13 -0.707107,-0.742267,-0.808134
-2.46311 -0.659989 0.45, 0.683013 0.183013 -0.707107,-0.742267,-0.808134
-2.20836 -1.275 0.45, 0.612372 0.353553 -0.707107,-0.741227,-0.808134
-1.80312 -1.80312 0.45, 0.5 0.5 -0.707107,-0.741227,-0.808134
-1.275 -2.20836 0.45, 0.353553 0.612372 -0.707107,-0.741227,-0.808134
-0.659989 -2.46311 0.45, 0.183013 0.683013 -0.707107,-0.741227,-0.808134
7.96761e-13 -2.55 0.45, -2.20939e-13 0.707107 -0.707107,-0.740312,-0.808134
0.659989 -2.46311 0.45, -0.183013 0.683013 -0.707107,-0.740312,-0.808134
1.275 -2.20836 0.45, -0.353553 0.612372 -0.707107,-0.740312,-0.808134
1.80312 -1.80312 0.45, -0.5 0.5 -0.707107,-0.740312,-0.808134
2.20836 -1.275 0.45, -0.612372 0.353553 -0.707107,-0.737194,-0.808134
2.46311 -0.659989 0.45, -0.683013 0.183013 -0.707107,-0.737194,-0.808134
2.5 0 0.5, -0.707107 -0 -0.707107,-0.737194,-0.808134
2.41481 0.647048 0.5, -0.683013 -0.183013 -0.707107,-0.737194,-0.808134
2.16506 1.25 0.5, -0.612372 -0.353553 -0.707107,-0.736736,-0.808134
1.76777 1.76777 0.5, -0.5 -0.5 -0.707107,-0.736736,-0.808134
1.25 2.16506 0.5, -0.353553 -0.612372 -0.707107,-0.736736,-0.808134
0.647048 2.41481 0.5, -0.183013 -0.683013 -0.707107,-0.736736,-0.808134
-2.58529e-13 2.5 0.5, 7.3123e-14 -0.707107 -0.707107,-0.735576,-0.808134
-0.647048 2.41481 0.5, 0.183013 -0.683013 -0.707107,-0.735576,-0.808134
-1.25 2.16506 0.5, 0.353553 -0.612372 -0.707107,-0.735293,-0.808134
-1.76777 1.76777 0.5, 0.5 -0.5 -0.707107,-0.735293,-0.808134
-2.16506 1.25 0.5, 0.612372 -0.353553 -0.707107,-0.734782,-0.808134
-2.41481 0.647048 0.5, 0.683013 -0.183013 -0.707107,-0.734782,-0.808134
-2.5 -5.19278e-13 0.5, 0.707107 1.46874e-13 -0.707107,-0.734782,-0.808134
-2.41481 -0.647048 0.5, 0.683013 0.183013 -0.707107,-0.734782,-0.808134
-2.16506 -1.25 0.5, 0.612372 0.353553 -0.707107,-0.733911,-0.808134
-1.76777 -1.76777 0.5, 0.5 0.5 -0.707107,-0.733911,-0.808134
-1.25 -2.16506 0.5, 0.353553 0.612372 -0.707107,-0.733911,-0.808134
-0.647048 -2.41481 0.5, 0.183013 0.683013 -0.707107,-0.733911,-0.808134
7.81138e-13 -2.5 0.5, -2.20939e-13 0.707107 -0.707107,-0.733424,-0.808134
0.647048 -2.41481 0.5, -0.183013 0.683013 -0.707107,-0.733424,-0.808134
1.25 -2.16506 0.5, -0.353553 0.612372 -0.707107,-0.733424,-0.808134
1.76777 -1.76777 0.5, -0.5 0.5 -0.707107,-0.733424,-0.808134
2.16506 -1.25 0.5, -0.612372 0.353553 -0.707107,-0.730188,-0.808134
2.41481 -0.647048 0.5, -0.683013 0.183013 -0.707107,-0.730188,-0.808134
2.45 0 0.55, -0.707107 -0 -0.707107,-0.730188,-0.808023
2.36652 0.634107 0.55, -0.683013 -0.183013 -0.707107,-0.730188,-0.808023
2.12176 1.225 0.55, -0.612372 -0.353553 -0.707107,-0.729797,-0.808023
1.73241 1.73241 0.55, -0.5 -0.5 -0.707107,-0.729797,-0.808023
1.225 2.12176 0.55, -0.353553 -0.612372 -0.707107,-0.729797,-0.808023
0.634107 2.36652 0.55, -0.183013 -0.683013 -0.707107,-0.729797,-0.808023
-2.53358e-13 2.45 0.55, 7.3123e-14 -0.707107 -0.707107,-0.728492,-0.808023
-0.634107 2.36652 0.55, 0.183013 -0.683013 -0.707107,-0.728492,-0.808023
-1.225 2.12176 0.55, 0.353553 -0.612372 -0.707107,-0.728279,-0.808023
-1.73241 1.73241 0.55, 0.5 -0.5 -0.707107,-0.728279,-0.808023
-2.12176 1.225 0.55, 0.612372 -0.353553 -0.707107,-0.72819,-0.808023
-2.36652 0.634107 0.55, 0.683013 -0.183013 -0.707107,-0.72819,-0.808023
-2.45 -5.08893e-13 0.55, 0.707107 1.46874e-13 -0.707107,-0.72819,-0.808023
-2.36652 -0.634107 0.55, 0.683013 0.183013 -0.707107,-0.72819,-0.808023
-2.12176 -1.225 0.55, 0.612372 0.353553 -0.707107,-0.727369,-0.808023
-1.73241 -1.73241 0.55, 0.5 0.5 -0.707107,-0.727369,-0.808023
-1.225 -2.12176 0.55, 0.353553 0.612372 -0.707107,-0.727369,-0.808023
-0.634107 -2.36652 0.55, 0.183013 0.683013 -0.707107,-0.727369,-0.808023
7.65515e-13 -2.45 0.55, -2.20939e-13 0.707107 -0.707107,-0.723668,-0.808023
0.634107 -2.36652 0.55, -0.183013 0.683013 -0.707107,-0.723668,-0.808023
1.225 -2.12176 0.55, -0.353553 0.612372 -0.707107,-0.723668,-0.808023
1.73241 -1.73241 0.55, -0.5 0.5 -0.707107,-0.723668,-0.808023
2.12176 -1.225 0.55, -0.612372 0.353553 -0.707107,-0.723129,-0.808023
2.36652 -0.634107 0.55, -0.683013 0.183013 -0.707107,-0.723129,-0.808023
2.4 0 0.6, -0.707107 -0 -0.707107,-0.723129,-0.808023
2.31822 0.621166 0.6, -0.683013 -0.183013 -0.707107,-0.723129,-0.808023
2.07846 1.2 0.6, -0.612372 -0.353553 -0.707107,-0.722807,-0.808023
1.69706 1.69706 0.6, -0.5 -0.5 -0.707107,-0.722807,-0.808023
1.2 2.07846 0.6, -0.353553 -0.612372 -0.707107,-0.722807,-0.808023
0.621166 2.31822 0.6, -0.183013 -0.683013 -0.707107,-0.722807,-0.808023
-2.48188e-13 2.4 0.6, 7.3123e-14 -0.707107 -0.707107,-0.722473,-0.808023
-0.621166 2.31822 0.6, 0.183013 -0.683013 -0.707107,-0.722473,-0.808023
-1.2 2.07846 0.6, 0.353553 -0.612372 -0.707107,-0.722473,-0.808023
-1.69706 1.69706 0.6, 0.5 -0.5 -0.707107,-0.722473,-0.808023
-2.07846 1.2 0.6, 0.612372 -0.353553 -0.707107,-0.721472,-0.808023
-2.31822 0.621166 0.6, 0.683013 -0.183013 -0.707107,-0.721472,-0.808023
-2.4 -4.98507e-13 0.6, 0.707107 1.46874e-13 -0.707107,-0.721472,-0.808023
-2.31822 -0.621166 0.6, 0.683013 0.183013 -0.707107,-0.721472,-0.808023
-2.07846 -1.2 0.6, 0.612372 0.353553 -0.707107,-0.72138,-0.808023
-1.69706 -1.69706 0.6, 0.5 0.5 -0.707107,-0.72138,-0.808023
-1.2 -2.07846 0.6, 0.353553 0.612372 -0.707107,-0.721237,-0.808023
-0.621166 -2.31822 0.6, 0.183013 0.683013 -0.707107,-0.721237,-0.808023
7.49892e-13 -2.4 0.6, -2.20939e-13 0.707107 -0.707107,-0.720705,-0.808023
0.621166 -2.31822 0.6, -0.183013 0.683013 -0.707107,-0.720705,-0.808023
1.2 -2.07846 0.6, -0.353553 0.612372 -0.707107,-0.720705,-0.808023
1.69706 -1.69706 0.6, -0.5 0.5 -0.707107,-0.720705,-0.808023
2.07846 -1.2 0.6, -0.612372 0.353553 -0.707107,-0.71875,-0.808023
2.31822 -0.621166 0.6, -0.683013 0.183013 -0.707107,-0.71875,-0.808023
2.35 0 0.65, -0.707107 -0 -0.707107,-0.71875,-0.807971
2.26993 0.608225 0.65, -0.683013 -0.183013 -0.707107,-0.71875,-0.807971
2.03516 1.175 0.65, -0.612372 -0.353553 -0.707107,-0.717532,-0.807971
1.6617 1.6617 0.65, -0.5 -0.5 -0.707107,-0.717532,-0.807971
1.175 2.03516 0.65, -0.353553 -0.612372 -0.707107,-0.717532,-0.807971
0.608225 2.26993 0.65, -0.183013 -0.683013 -0.707107,-0.717532,-0.807971
-2.43017e-13 2.35 0.65, 7.3123e-14 -0.707107 -0.707107,-0.716031,-0.807971
-0.608225 2.26993 0.65, 0.183013 -0.683013 -0.707107,-0.716031,-0.807971
-1.175 2.03516 0.65, 0.353553 -0.612372 -0.707107,-0.716031,-0.807971
-1.6617 1.6617 0.65, 0.5 -0.5 -0.707107,-0.716031,-0.807971
-2.03516 1.175 0.65, 0.612372 -0.353553 -0.707107,-0.715779,-0.807971
-2.26993 0.608225 0.65, 0.683013 -0.183013 -0.707107,-0.715779,-0.807971
-2.35 -4.88122e-13 0.65, 0.707107 1.46874e-13 -0.707107,-0.715779,-0.807971
-2.26993 -0.608225 0.65, 0.683013 0.183013 -0.707107,-0.715779,-0.807971
-2.03516 -1.175 0.65, 0.612372 0.353553 -0.707107,-0.714644,-0.807971
-1.6617 -1.6617 0.65, 0.5 0.5 -0.707107,-0.714644,-0.807971
-1.175 -2.03516 0.65, 0.353553 0.612372 -0.707107,-0.714644,-0.807971
-0.608225 -2.26993 0.65, 0.183013 0.683013 -0.707107,-0.714644,-0.807971
7.3427e-13 -2.35 0.65, -2.20939e-13 0.707107 -0.707107,-0.714248,-0.807971
0.608225 -2.26993 0.65, -0.183013 0.683013 -0.707107,-0.714248,-0.807971
1.175 -2.03516 0.65, -0.353553 0.612372 -0.707107,-0.714176,-0.807971
1.6617 -1.6617 0.65, -0.5 0.5 -0.707107,-0.714176,-0.807971
2.03516 -1.175 0.65, -0.612372 0.353553 -0.707107,-0.713935,-0.807971
2.26993 -0.608225 0.65, -0.683013 0.183013 -0.707107,-0.713935,-0.807971
2.3 0 0.7, -0.707107 -0 -0.707107,-0.713935,-0.807971
2.22163 0.595284 0.7, -0.683013 -0.183013 -0.707107,-0.713935,-0.807971
1.99186 1.15 0.7, -0.612372 -0.353553 -0.707107,-0.713523,-0.807971
1.62635 1.62635 0.7, -0.5 -0.5 -0.707107,-0.713523,-0.807971
1.15 1.99186 0.7, -0.353553 -0.612372 -0.707107,-0.713523,-0.807971
0.595284 2.22163 0.7, -0.183013 -0.683013 -0.707107,-0.713523,-0.807971
-2.37847e-13 2.3 0.7, 7.3123e-14 -0.707107 -0.707107,-0.712293,-0.807971
-0.595284 2.22163 0.7, 0.183013 -0.683013 -0.707107,-0.712293,-0.807971
-1.15 1.99186 0.7, 0.353553 -0.612372 -0.707107,-0.712293,-0.807971
-1.62635 1.62635 0.7, 0.5 -0.5 -0.707107,-0.712293,-0.807971
-1.99186 1.15 0.7, 0.612372 -0.353553 -0.707107,-0.708905,-0.807971
-2.22163 0.595284 0.7, 0.683013 -0.183013 -0.707107,-0.708905,-0.807971
-2.3 -4.77736e-13 0.7, 0.707107 1.46874e-13 -0.707107,-0.708905,-0.807971
-2.22163 -0.595284 0.7, 0.683013 0.183013 -0.707107,-0.708905,-0.807971
-1.99186 -1.15 0.7, 0.612372 0.353553 -0.707107,-0.708723,-0.807971
-1.62635 -1.62635 0.7, 0.5 0.5 -0.707107,-0.708723,-0.807971
-1.15 -1.99186 0.7, 0.353553 0.612372 -0.707107,-0.708723,-0.807971
-0.595284 -2.22163 0.7, 0.183013 0.683013 -0.707107,-0.708723,-0.807971
7.18647e-13 -2.3 0.7, -2.20939e-13 0.707107 -0.707107,-0.708012,-0.807971
0.595284 -2.22163 0.7, -0.183013 0.683013 -0.707107,-0.708012,-0.807971
1.15 -1.99186 0.7, -0.353553 0.612372 -0.707107,-0.708012,-0.807971
1.62635 -1.62635 0.7, -0.5 0.5 -0.707107,-0.708012,-0.807971
1.99186 -1.15 0.7, -0.612372 0.353553 -0.707107,-0.707724,-0.807971
2.22163 -0.595284 0.7, -0.683013 0.183013 -0.707107,-0.707724,-0.807971
2.25 0 0.75, -0.707107 -0 -0.707107,-0.707724,-0.807421
2.17333 0.582343 0.75, -0.683013 -0.183013 -0.707107,-0.707724,-0.807421
1.94856 1.125 0.75, -0.612372 -0.353553 -0.707107,-0.707107,-0.807421
1.59099 1.59099 0.75, -0.5 -0.5 -0.707107,-0.707107,-0.807421
1.125 1.94856 0.75, -0.353553 -0.612372 -0.707107,-0.707077,-0.807421
0.582343 2.17333 0.75, -0.183013 -0.683013 -0.707107,-0.707077,-0.807421
-2.32676e-13 2.25 0.75, 7.3123e-14 -0.707107 -0.707107,-0.707077,-0.807421
-0.582343 2.17333 0.75, 0.183013 -0.683013 -0.707107,-0.707077,-0.807421
-1.125 1.94856 0.75, 0.353553 -0.612372 -0.707107,-0.706782,-0.807421
-1.59099 1.59099 0.75, 0.5 -0.5 -0.707107,-0.706782,-0.807421
-1.94856 1.125 0.75, 0.612372 -0.353553 -0.707107,-0.706782,-0.807421
-2.17333 0.582343 0.75, 0.683013 -0.183013 -0.707107,-0.706782,-0.807421
-2.25 -4.6735e-13 0.75, 0.707107 1.46874e-13 -0.707107,-0.702242,-0.807421
-2.17333 -0.582343 0.75, 0.683013 0.183013 -0.707107,-0.702242,-0.807421
-1.94856 -1.125 0.75, 0.612372 0.353553 -0.707107,-0.702242,-0.807421
-1.59099 -1.59099 0.75, 0.5 0.5 -0.707107,-0.702242,-0.807421
-1.125 -1.94856 0.75, 0.353553 0.612372 -0.707107,-0.70176,-0.807421
-0.582343 -2.17333 0.75, 0.183013 0.683013 -0.707107,-0.70176,-0.807421
7.03024e-13 -2.25 0.75, -2.20939e-13 0.707107 -0.707107,-0.70176,-0.807421
0.582343 -2.17333 0.75, -0.183013 0.683013 -0.707107,-0.70176,-0.807421
1.125 -1.94856 0.75, -0.353553 0.612372 -0.707107,-0.70165,-0.807421
1.59099 -1.59099 0.75, -0.5 0.5 -0.707107,-0.70165,-0.807421
1.94856 -1.125 0.75, -0.612372 0.353553 -0.707107,-0.70165,-0.807421
2.17333 -0.582343 0.75, -0.683013 0.183013 -0.707107,-0.70165,-0.807421
2.2 0 0.8, -0.707107 -0 -0.707107,-0.701023,-0.807052
2.12504 0.569402 0.8, -0.683013 -0.183013 -0.707107,-0.701023,-0.807052
1.90526 1.1 0.8, -0.612372 -0.353553 -0.707107,-0.701023,-0.807052
1.55563 1.55563 0.8, -0.5 -0.5 -0.707107,-0.701023,-0.807052
1.1 1.90526 0.8, -0.353553 -0.612372 -0.707107,-0.700726,-0.807052
0.569402 2.12504 0.8, -0.183013 -0.683013 -0.707107,-0.700726,-0.807052
-2.27505e-13 2.2 0.8, 7.3123e-14 -0.707107 -0.707107,-0.700726,-0.807052
-0.569402 2.12504 0.8, 0.183013 -0.683013 -0.707107,-0.700726,-0.807052
-1.1 1.90526 0.8, 0.353553 -0.612372 -0.707107,-0.700144,-0.807052
-1.55563 1.55563 0.8, 0.5 -0.5 -0.707107,-0.700144,-0.807052
-1.90526 1.1 0.8, 0.612372 -0.353553 -0.707107,-0.700144,-0.807052
-2.12504 0.569402 0.8, 0.683013 -0.183013 -0.707107,-0.700144,-0.807052
-2.2 -4.56965e-13 0.8, 0.707107 1.46874e-13 -0.707107,-0.69624,-0.807052
-2.12504 -0.569402 0.8, 0.683013 0.183013 -0.707107,-0.69624,-0.807052
-1.90526 -1.1 0.8, 0.612372 0.353553 -0.707107,-0.69624,-0.807052
-1.55563 -1.55563 0.8, 0.5 0.5 -0.707107,-0.69624,-0.807052
-1.1 -1.90526 0.8, 0.353553 0.612372 -0.707107,-0.69504,-0.807052
-0.569402 -2.12504 0.8, 0.183013 0.683013 -0.707107,-0.69504,-0.807052
6.87401e-13 -2.2 0.8, -2.20939e-13 0.707107 -0.707107,-0.69504,-0.807052
0.569402 -2.12504 0.8, -0.183013 0.683013 -0.707107,-0.69504,-0.807052
1.1 -1.90526 0.8, -0.353553 0.612372 -0.707107,-0.694609,-0.807052
1.55563 -1.55563 0.8, -0.5 0.5 -0.707107,-0.694609,-0.807052
1.90526 -1.1 0.8, -0.612372 0.353553 -0.707107,-0.694609,-0.807052
2.12504 -0.569402 0.8, -0.683013 0.183013 -0.707107,-0.694609,-0.807052
2.15 0 0.85, -0.707107 -0 -0.707107,-0.693666,-0.804918
2.07674 0.556461 0.85, -0.683013 -0.183013 -0.707107,-0.693666,-0.804918
1.86195 1.075 0.85, -0.612372 -0.353553 -0.707107,-0.693666,-0.804918
1.52028 1.52028 0.85, -0.5 -0.5 -0.707107,-0.693666,-0.804918
1.075 1.86195 0.85, -0.353553 -0.612372 -0.707107,-0.69315,-0.804918
0.556461 2.07674 0.85, -0.183013 -0.683013 -0.707107,-0.69315,-0.804918
-2.22335e-13 2.15 0.85, 7.3123e-14 -0.707107 -0.707107,-0.69315,-0.804918
-0.556461 2.07674 0.85, 0.183013 -0.683013 -0.707107,-0.69315,-0.804918
-1.075 1.86195 0.85, 0.353553 -0.612372 -0.707107,-0.690027,-0.804918
-1.52028 1.52028 0.85, 0.5 -0.5 -0.707107,-0.690027,-0.804918
-1.86195 1.075 0.85, 0.612372 -0.353553 -0.707107,-0.690027,-0.804918
-2.07674 0.556461 0.85, 0.683013 -0.183013 -0.707107,-0.690027,-0.804918
-2.15 -4.46579e-13 0.85, 0.707107 1.46874e-13 -0.707107,-0.688855,-0.804918
-2.07674 -0.556461 0.85, 0.683013 0.183013 -0.707107,-0.688855,-0.804918
-1.86195 -1.075 0.85, 0.612372 0.353553 -0.707107,-0.688855,-0.804918
-1.52028 -1.52028 0.85, 0.5 0.5 -0.707107,-0.688855,-0.804918
-1.075 -1.86195 0.85, 0.353553 0.612372 -0.707107,-0.686557,-0.804918
-0.556461 -2.07674 0.85, 0.183013 0.683013 -0.707107,-0.686557,-0.804918
6.71778e-13 -2.15 0.85, -2.20939e-13 0.707107 -0.707107,-0.686557,-0.804918
0.556461 -2.07674 0.85, -0.183013 0.683013 -0.707107,-0.686557,-0.804918
1.075 -1.86195 0.85, -0.353553 0.612372 -0.707107,-0.68611,-0.804918
1.52028 -1.52028 0.85, -0.5 0.5 -0.707107,-0.68611,-0.804918
1.86195 -1.075 0.85, -0.612372 0.353553 -0.707107,-0.68611,-0.804918
2.07674 -0.556461 0.85, -0.683013 0.183013 -0.707107,-0.68611,-0.804918
2.1 0 0.9, -0.707107 -0 -0.707107,-0.683627,-0.804287
2.02844 0.54352 0.9, -0.683013 -0.183013 -0.707107,-0.683627,-0.804287
1.81865 1.05 0.9, -0.612372 -0.353553 -0.707107,-0.683627,-0.804287
1.48492 1.48492 0.9, -0.5 -0.5 -0.707107,-0.683627,-0.804287
1.05 1.81865 0.9, -0.353553 -0.612372 -0.707107,-0.68249,-0.804287
0.54352 2.02844 0.9, -0.183013 -0.683013 -0.707107,-0.68249,-0.804287
-2.17164e-13 2.1 0.9, 7.3123e-14 -0.707107 -0.707107,-0.68249,-0.804287
-0.54352 2.02844 0.9, 0.183013 -0.683013 -0.707107,-0.68249,-0.804287
-1.05 1.81865 0.9, 0.353553 -0.612372 -0.707107,-0.679412,-0.804287
-1.48492 1.48492 0.9, 0.5 -0.5 -0.707107,-0.679412,-0.804287
-1.81865 1.05 0.9, 0.612372 -0.353553 -0.707107,-0.679412,-0.804287
-2.02844 0.54352 0.9, 0.683013 -0.183013 -0.707107,-0.679412,-0.804287
-2.1 -4.36194e-13 0.9, 0.707107 1.46874e-13 -0.707107,-0.679036,-0.804287
-2.02844 -0.54352 0.9, 0.683013 0.183013 -0.707107,-0.679036,-0.804287
-1.81865 -1.05 0.9, 0.612372 0.353553 -0.707107,-0.679036,-0.804287
-1.48492 -1.48492 0.9, 0.5 0.5 -0.707107,-0.679036,-0.804287
-1.05 -1.81865 0.9, 0.353553 0.612372 -0.707107,-0.677062,-0.804287
-0.54352 -2.02844 0.9, 0.183013 0.683013 -0.707107,-0.677062,-0.804287
6.56156e-13 -2.1 0.9, -2.20939e-13 0.707107 -0.707107,-0.677062,-0.804287
0.54352 -2.02844 0.9, -0.183013 0.683013 -0.707107,-0.677062,-0.804287
1.05 -1.81865 0.9, -0.353553 0.612372 -0.707107,-0.675967,-0.804287
1.48492 -1.48492 0.9, -0.5 0.5 -0.707107,-0.675967,-0.804287
1.81865 -1.05 0.9, -0.612372 0.353553 -0.707107,-0.675967,-0.804287
2.02844 -0.54352 0.9, -0.683013 0.183013 -0.707107,-0.675967,-0.804287
2.05 0 0.95, -0.707107 -0 -0.707107,-0.672242,-0.800864
1.98015 0.530579 0.95, -0.683013 -0.183013 -0.707107,-0.672242,-0.800864
1.77535 1.025 0.95, -0.612372 -0.353553 -0.707107,-0.672242,-0.800864
1.44957 1.44957 0.95, -0.5 -0.5 -0.707107,-0.672242,-0.800864
1.025 1.77535 0.95, -0.353553 -0.612372 -0.707107,-0.671938,-0.800864
0.530579 1.98015 0.95, -0.183013 -0.683013 -0.707107,-0.671938,-0.800864
-2.11994e-13 2.05 0.95, 7.3123e-14 -0.707107 -0.707107,-0.671938,-0.800864
-0.530579 1.98015 0.95, 0.183013 -0.683013 -0.707107,-0.671938,-0.800864
-1.025 1.77535 0.95, 0.353553 -0.612372 -0.707107,-0.670352,-0.800864
-1.44957 1.44957 0.95, 0.5 -0.5 -0.707107,-0.670352,-0.800864
-1.77535 1.025 0.95, 0.612372 -0.353553 -0.707107,-0.670352,-0.800864
-1.98015 0.530579 0.95, 0.683013 -0.183013 -0.707107,-0.670352,-0.800864
-2.05 -4.25808e-13 0.95, 0.707107 1.46874e-13 -0.707107,-0.669305,-0.800864
-1.98015 -0.530579 0.95, 0.683013 0.183013 -0.707107,-0.669305,-0.800864
-1.77535 -1.025 0.95, 0.612372 0.353553 -0.707107,-0.669305,-0.800864
-1.44957 -1.44957 0.95, 0.5 0.5 -0.707107,-0.669305,-0.800864
-1.025 -1.77535 0.95, 0.353553 0.612372 -0.707107,-0.66506,-0.800864
-0.530579 -1.98015 0.95, 0.183013 0.683013 -0.707107,-0.66506,-0.800864
6.40533e-13 -2.05 0.95, -2.20939e-13 0.707107 -0.707107,-0.66506,-0.800864
0.530579 -1.98015 0.95, -0.183013 0.683013 -0.707107,-0.66506,-0.800864
1.025 -1.77535 0.95, -0.353553 0.612372 -0.707107,-0.664828,-0.800864
1.44957 -1.44957 0.95, -0.5 0.5 -0.707107,-0.664828,-0.800864
1.77535 -1.025 0.95, -0.612372 0.353553 -0.707107,-0.664828,-0.800864
1.98015 -0.530579 0.95, -0.683013 0.183013 -0.707107,-0.664828,-0.800864
2 0 1, -0.707107 -0 0.707107,-0.663518,-0.800048
1.93185 0.517638 1, -0.683013 -0.183013 0.707107,-0.663518,-0.800048
1.73205 1 1, -0.612372 -0.353553 0.707107,-0.663518,-0.800048
1.41421 1.41421 1, -0.5 -0.5 0.707107,-0.663518,-0.800048
1 1.73205 1, -0.353553 -0.612372 0.707107,-0.662524,-0.800048
0.517638 1.93185 1, -0.183013 -0.683013 0.707107,-0.662524,-0.800048
-2.06823e-13 2 1, 7.3123e-14 -0.707107 0.707107,-0.662524,-0.800048
-0.517638 1.93185 1, 0.183013 -0.683013 0.707107,-0.662524,-0.800048
-1 1.73205 1, 0.353553 -0.612372 0.707107,-0.657875,-0.800048
-1.41421 1.41421 1, 0.5 -0.5 0.707107,-0.657875,-0.800048
-1.73205 1 1, 0.612372 -0.353553 0.707107,-0.657875,-0.800048
-1.93185 0.517638 1, 0.683013 -0.183013 0.707107,-0.657875,-0.800048
-2 -4.15423e-13 1, 0.707107 1.46874e-13 0.707107,-0.656577,-0.800048
-1.93185 -0.517638 1, 0.683013 0.183013 0.707107,-0.656577,-0.800048
-1.73205 -1 1, 0.612372 0.353553 0.707107,-0.656577,-0.800048
-1.41421 -1.41421 1, 0.5 0.5 0.707107,-0.656577,-0.800048
-1 -1.73205 1, 0.353553 0.612372 0.707107,-0.655641,-0.800048
-0.517638 -1.93185 1, 0.183013 0.683013 0.707107,-0.655641,-0.800048
6.2491e-13 -2 1, -2.20939e-13 0.707107 0.707107,-0.655641,-0.800048
0.517638 -1.93185 1, -0.183013 0.683013 0.707107,-0.655641,-0.800048
1 -1.73205 1, -0.353553 0.612372 0.707107,-0.649547,-0.800048
1.41421 -1.41421 1, -0.5 0.5 0.707107,-0.649547,-0.800048
1.73205 -1 1, -0.612372 0.353553 0.707107,-0.649547,-0.800048
1.93185 -0.517638 1, -0.683013 0.183013 0.707107,-0.649547,-0.800048
2.05 0 1.05, -0.707107 -0 0.707107,-0.649426,-0.795417
1.98015 0.530579 1.05, -0.683013 -0.183013 0.707107,-0.649426,-0.795417
1.77535 1.025 1.05, -0.612372 -0.353553 0.707107,-0.649426,-0.795417
1.44957 1.44957 1.05, -0.5 -0.5 0.707107,-0.649426,-0.795417
1.025 1.77535 1.05, -0.353553 -0.612372 0.707107,-0.648673,-0.795417
0.530579 1.98015 1.05, -0.183013 -0.683013 0.707107,-0.648673,-0.795417
-2.11994e-13 2.05 1.05, 7.3123e-14 -0.707107 0.707107,-0.648673,-0.795417
-0.530579 1.98015 1.05, 0.183013 -0.683013 0.707107,-0.648673,-0.795417
-1.025 1.77535 1.05, 0.353553 -0.612372 0.707107,-0.647936,-0.795417
-1.44957 1.44957 1.05, 0.5 -0.5 0.707107,-0.647936,-0.795417
-1.77535 1.025 1.05, 0.612372 -0.353553 0.707107,-0.647936,-0.795417
-1.98015 0.530579 1.05, 0.683013 -0.183013 0.707107,-0.647936,-0.795417
-2.05 -4.25808e-13 1.05, 0.707107 1.46874e-13 0.707107,-0.64581,-0.795417
-1.98015 -0.530579 1.05, 0.683013 0.183013 0.707107,-0.64581,-0.795417
-1.77535 -1.025 1.05, 0.612372 0.353553 0.707107,-0.64581,-0.795417
-1.44957 -1.44957 1.05, 0.5 0.5 0.707107,-0.64581,-0.795417
-1.025 -1.77535 1.05, 0.353553 0.612372 0.707107,-0.64435,-0.795417
-0.530579 -1.98015 1.05, 0.183013 0.683013 0.707107,-0.64435,-0.795417
6.40533e-13 -2.05 1.05, -2.20939e-13 0.707107 0.707107,-0.64435,-0.795417
0.530579 -1.98015 1.05, -0.183013 0.683013 0.707107,-0.64435,-0.795417
1.025 -1.77535 1.05, -0.353553 0.612372 0.707107,-0.642824,-0.795417
1.44957 -1.44957 1.05, -0.5 0.5 0.707107,-0.642824,-0.795417
1.77535 -1.025 1.05, -0.612372 0.353553 0.707107,-0.642824,-0.795417
1.98015 -0.530579 1.05, -0.683013 0.183013 0.707107,-0.642824,-0.795417
2.1 0 1.1, -0.707107 -0 0.707107,-0.642445,-0.79449
2.02844 0.54352 1.1, -0.683013 -0.183013 0.707107,-0.642445,-0.79449
1.81865 1.05 1.1, -0.612372 -0.353553 0.707107,-0.642445,-0.79449
1.48492 1.48492 1.1, -0.5 -0.5 0.707107,-0.642445,-0.79449
1.05 1.81865 1.1, -0.353553 -0.612372 0.707107,-0.641636,-0.79449
0.54352 2.02844 1.1, -0.183013 -0.683013 0.707107,-0.641636,-0.79449
-2.17164e-13 2.1 1.1, 7.3123e-14 -0.707107 0.707107,-0.641636,-0.79449
-0.54352 2.02844 1.1, 0.183013 -0.683013 0.707107,-0.641636,-0.79449
-1.05 1.81865 1.1, 0.353553 -0.612372 0.707107,-0.638955,-0.79449
-1.48492 1.48492 1.1, 0.5 -0.5 0.707107,-0.638955,-0.79449
-1.81865 1.05 1.1, 0.612372 -0.353553 0.707107,-0.638955,-0.79449
-2.02844 0.54352 1.1, 0.683013 -0.183013 0.707107,-0.638955,-0.79449
-2.1 -4.36194e-13 1.1, 0.707107 1.46874e-13 0.707107,-0.637407,-0.79449
-2.02844 -0.54352 1.1, 0.683013 0.183013 0.707107,-0.637407,-0.79449
-1.81865 -1.05 1.1, 0.612372 0.353553 0.707107,-0.637407,-0.79449
-1.48492 -1.48492 1.1, 0.5 0.5 0.707107,-0.637407,-0.79449
-1.05 -1.81865 1.1, 0.353553 0.612372 0.707107,-0.635287,-0.79449
-0.54352 -2.02844 1.1, 0.183013 0.683013 0.707107,-0.635287,-0.79449
6.56156e-13 -2.1 1.1, -2.20939e-13 0.707107 0.707107,-0.635287,-0.79449
0.54352 -2.02844 1.1, -0.183013 0.683013 0.707107,-0.635287,-0.79449
1.05 -1.81865 1.1, -0.353553 0.612372 0.707107,-0.634545,-0.79449
1.48492 -1.48492 1.1, -0.5 0.5 0.707107,-0.634545,-0.79449
1.81865 -1.05 1.1, -0.612372 0.353553 0.707107,-0.634545,-0.79449
2.02844 -0.54352 1.1, -0.683013 0.183013 0.707107,-0.634545,-0.79449
2.15 0 1.15, -0.707107 -0 0.707107,-0.633268,-0.788736
2.07674 0.556461 1.15, -0.683013 -0.183013 0.707107,-0.633268,-0.788736
1.86195 1.075 1.15, -0.612372 -0.353553 0.707107,-0.633268,-0.788736
1.52028 1.52028 1.15, -0.5 -0.5 0.707107,-0.633268,-0.788736
1.075 1.86195 1.15, -0.353553 -0.612372 0.707107,-0.631709,-0.788736
0.556461 2.07674 1.15, -0.183013 -0.683013 0.707107,-0.631709,-0.788736
-2.22335e-13 2.15 1.15, 7.3123e-14 -0.707107 0.707107,-0.631709,-0.788736
-0.556461 2.07674 1.15, 0.183013 -0.683013 0.707107,-0.631709,-0.788736
-1.075 1.86195 1.15, 0.353553 -0.612372 0.707107,-0.628086,-0.788736
-1.52028 1.52028 1.15, 0.5 -0.5 0.707107,-0.628086,-0.788736
-1.86195 1.075 1.15, 0.612372 -0.353553 0.707107,-0.628086,-0.788736
-2.07674 0.556461 1.15, 0.683013 -0.183013 0.707107,-0.628086,-0.788736
-2.15 -4.46579e-13 1.15, 0.707107 1.46874e-13 0.707107,-0.627414,-0.788736
-2.07674 -0.556461 1.15, 0.683013 0.183013 0.707107,-0.627414,-0.788736
-1.86195 -1.075 1.15, 0.612372 0.353553 0.707107,-0.627414,-0.788736
-1.52028 -1.52028 1.15, 0.5 0.5 0.707107,-0.627414,-0.788736
-1.075 -1.86195 1.15, 0.353553 0.612372 0.707107,-0.627316,-0.788736
-0.556461 -2.07674 1.15, 0.183013 0.683013 0.707107,-0.627316,-0.788736
6.71778e-13 -2.15 1.15, -2.20939e-13 0.707107 0.707107,-0.627316,-0.788736
0.556461 -2.07674 1.15, -0.183013 0.683013 0.707107,-0.627316,-0.788736
1.075 -1.86195 1.15, -0.353553 0.612372 0.707107,-0.625758,-0.788736
1.52028 -1.52028 1.15, -0.5 0.5 0.707107,-0.625758,-0.788736
1.86195 -1.075 1.15, -0.612372 0.353553 0.707107,-0.625758,-0.788736
2.07674 -0.556461 1.15, -0.683013 0.183013 0.707107,-0.625758,-0.788736
2.2 0 1.2, -0.707107 -0 0.707107,-0.621124,-0.78776
2.12504 0.569402 1.2, -0.683013 -0.183013 0.707107,-0.621124,-0.78776
1.90526 1.1 1.2, -0.612372 -0.353553 0.707107,-0.621124,-0.78776
1.55563 1.55563 1.2, -0.5 -0.5 0.707107,-0.621124,-0.78776
1.1 1.90526 1.2, -0.353553 -0.612372 0.707107,-0.620856,-0.78776
0.569402 2.12504 1.2, -0.183013 -0.683013 0.707107,-0.620856,-0.78776
-2.27505e-13 2.2 1.2, 7.3123e-14 -0.707107 0.707107,-0.620856,-0.78776
-0.569402 2.12504 1.2, 0.183013 -0.683013 0.707107,-0.620856,-0.78776
-1.1 1.90526 1.2, 0.353553 -0.612372 0.707107,-0.620256,-0.78776
-1.55563 1.55563 1.2, 0.5 -0.5 0.707107,-0.620256,-0.78776
-1.90526 1.1 1.2, 0.612372 -0.353553 0.707107,-0.620256,-0.78776
-2.12504 0.569402 1.2, 0.683013 -0.183013 0.707107,-0.620256,-0.78776
-2.2 -4.56965e-13 1.2, 0.707107 1.46874e-13 0.707107,-0.619579,-0.78776
-2.12504 -0.569402 1.2, 0.683013 0.183013 0.707107,-0.619579,-0.78776
-1.90526 -1.1 1.2, 0.612372 0.353553 0.707107,-0.619579,-0.78776
-1.55563 -1.55563 1.2, 0.5 0.5 0.707107,-0.619579,-0.78776
-1.1 -1.90526 1.2, 0.353553 0.612372 0.707107,-0.61472,-0.78776
-0.569402 -2.12504 1.2, 0.183013 0.683013 0.707107,-0.61472,-0.78776
6.87401e-13 -2.2 1.2, -2.20939e-13 0.707107 0.707107,-0.61472,-0.78776
0.569402 -2.12504 1.2, -0.183013 0.683013 0.707107,-0.61472,-0.78776
1.1 -1.90526 1.2, -0.353553 0.612372 0.707107,-0.61361,-0.78776
1.55563 -1.55563 1.2, -0.5 0.5 0.707107,-0.61361,-0.78776
1.90526 -1.1 1.2, -0.612372 0.353553 0.707107,-0.61361,-0.78776
2.12504 -0.569402 1.2, -0.683013 0.183013 0.707107,-0.61361,-0.78776
2.25 0 1.25, -0.707107 -0 0.707107,-0.613196,-0.78097
2.17333 0.582343 1.25, -0.683013 -0.183013 0.707107,-0.613196,-0.78097
1.94856 1.125 1.25, -0.612372 -0.353553 0.707107,-0.613196,-0.78097
1.59099 1.59099 1.25, -0.5 -0.5 0.707107,-0.613196,-0.78097
1.125 1.94856 1.25, -0.353553 -0.612372 0.707107,-0.613082,-0.78097
0.582343 2.17333 1.25, -0.183013 -0.683013 0.707107,-0.613082,-0.78097
-2.32676e-13 2.25 1.25, 7.3123e-14 -0.707107 0.707107,-0.613082,-0.78097
-0.582343 2.17333 1.25, 0.183013 -0.683013 0.707107,-0.613082,-0.78097
-1.125 1.94856 1.25, 0.353553 -0.612372 0.707107,-0.608126,-0.78097
-1.59099 1.59099 1.25, 0.5 -0.5 0.707107,-0.608126,-0.78097
-1.94856 1.125 1.25, 0.612372 -0.353553 0.707107,-0.608126,-0.78097
-2.17333 0.582343 1.25, 0.683013 -0.183013 0.707107,-0.608126,-0.78097
-2.25 -4.6735e-13 1.25, 0.707107 1.46874e-13 0.707107,-0.606633,-0.78097
-2.17333 -0.582343 1.25, 0.683013 0.183013 0.707107,-0.606633,-0.78097
-1.94856 -1.125 1.25, 0.612372 0.353553 0.707107,-0.606633,-0.78097
-1.59099 -1.59099 1.25, 0.5 0.5 0.707107,-0.606633,-0.78097
-1.125 -1.94856 1.25, 0.353553 0.612372 0.707107,-0.606358,-0.78097
-0.582343 -2.17333 1.25, 0.183013 0.683013 0.707107,-0.606358,-0.78097
7.03024e-13 -2.25 1.25, -2.20939e-13 0.707107 0.707107,-0.606358,-0.78097
0.582343 -2.17333 1.25, -0.183013 0.683013 0.707107,-0.606358,-0.78097
1.125 -1.94856 1.25, -0.353553 0.612372 0.707107,-0.605905,-0.78097
1.59099 -1.59099 1.25, -0.5 0.5 0.707107,-0.605905,-0.78097
1.94856 -1.125 1.25, -0.612372 0.353553 0.707107,-0.605905,-0.78097
2.17333 -0.582343 1.25, -0.683013 0.183013 0.707107,-0.605905,-0.78097
2.3 0 1.3, -0.707107 -0 0.707107,-0.601368,-0.78
2.22163 0.595284 1.3, -0.683013 -0.183013 0.707107,-0.601368,-0.78
1.99186 1.15 1.3, -0.612372 -0.353553 0.707107,-0.601368,-0.78
1.62635 1.62635 1.3, -0.5 -0.5 0.707107,-0.601368,-0.78
1.15 1.99186 1.3, -0.353553 -0.612372 0.707107,-0.599913,-0.78
0.595284 2.22163 1.3, -0.183013 -0.683013 0.707107,-0.599913,-0.78
-2.37847e-13 2.3 1.3, 7.3123e-14 -0.707107 0.707107,-0.599913,-0.78
-0.595284 2.22163 1.3, 0.183013 -0.683013 0.707107,-0.599913,-0.78
-1.15 1.99186 1.3, 0.353553 -0.612372 0.707107,-0.599113,-0.78
-1.62635 1.62635 1.3, 0.5 -0.5 0.707107,-0.599113,-0.78
-1.99186 1.15 1.3, 0.612372 -0.353553 0.707107,-0.599113,-0.78
-2.22163 0.595284 1.3, 0.683013 -0.183013 0.707107,-0.599113,-0.78
-2.3 -4.77736e-13 1.3, 0.707107 1.46874e-13 0.707107,-0.594467,-0.78
-2.22163 -0.595284 1.3, 0.683013 0.183013 0.707107,-0.594467,-0.78
-1.99186 -1.15 1.3, 0.612372 0.353553 0.707107,-0.594467,-0.78
-1.62635 -1.62635 1.3, 0.5 0.5 0.707107,-0.594467,-0.78
-1.15 -1.99186 1.3, 0.353553 0.612372 0.707107,-0.593057,-0.78
-0.595284 -2.22163 1.3, 0.183013 0.683013 0.707107,-0.593057,-0.78
7.18647e-13 -2.3 1.3, -2.20939e-13 0.707107 0.707107,-0.593057,-0.78
0.595284 -2.22163 1.3, -0.183013 0.683013 0.707107,-0.593057,-0.78
1.15 -1.99186 1.3, -0.353553 0.612372 0.707107,-0.587444,-0.78
1.62635 -1.62635 1.3, -0.5 0.5 0.707107,-0.587444,-0.78
1.99186 -1.15 1.3, -0.612372 0.353553 0.707107,-0.587444,-0.78
2.22163 -0.595284 1.3, -0.683013 0.183013 0.707107,-0.587444,-0.78
2.35 0 1.35, -0.707107 -0 0.707107,-0.586087,-0.772263
2.26993 0.608225 1.35, -0.683013 -0.183013 0.707107,-0.586087,-0.772263
2.03516 1.175 1.35, -0.612372 -0.353553 0.707107,-0.586087,-0.772263
1.6617 1.6617 1.35, -0.5 -0.5 0.707107,-0.586087,-0.772263
1.175 2.03516 1.35, -0.353553 -0.612372 0.707107,-0.580321,-0.772263
0.608225 2.26993 1.35, -0.183013 -0.683013 0.707107,-0.580321,-0.772263
-2.43017e-13 2.35 1.35, 7.3123e-14 -0.707107 0.707107,-0.580321,-0.772263
-0.608225 2.26993 1.35, 0.183013 -0.683013 0.707107,-0.580321,-0.772263
-1.175 2.03516 1.35, 0.353553 -0.612372 0.707107,-0.57902,-0.772263
-1.6617 1.6617 1.35, 0.5 -0.5 0.707107,-0.57902,-0.772263
-2.03516 1.175 1.35, 0.612372 -0.353553 0.707107,-0.57902,-0.772263
-2.26993 0.608225 1.35, 0.683013 -0.183013 0.707107,-0.57902,-0.772263
-2.35 -4.88122e-13 1.35, 0.707107 1.46874e-13 0.707107,-0.573116,-0.772263
-2.26993 -0.608225 1.35, 0.683013 0.183013 0.707107,-0.573116,-0.772263
-2.03516 -1.175 1.35, 0.612372 0.353553 0.707107,-0.573116,-0.772263
-1.6617 -1.6617 1.35, 0.5 0.5 0.707107,-0.573116,-0.772263
-1.175 -2.03516 1.35, 0.353553 0.612372 0.707107,-0.571877,-0.772263
-0.608225 -2.26993 1.35, 0.183013 0.683013 0.707107,-0.571877,-0.772263
7.3427e-13 -2.35 1.35, -2.20939e-13 0.707107 0.707107,-0.571877,-0.772263
0.608225 -2.26993 1.35, -0.183013 0.683013 0.707107,-0.571877,-0.772263
1.175 -2.03516 1.35, -0.353553 0.612372 0.707107,-0.565847,-0.772263
1.6617 -1.6617 1.35, -0.5 0.5 0.707107,-0.565847,-0.772263
2.03516 -1.175 1.35, -0.612372 0.353553 0.707107,-0.565847,-0.772263
2.26993 -0.608225 1.35, -0.683013 0.183013 0.707107,-0.565847,-0.772263
2.4 0 1.4, -0.707107 -0 0.707107,-0.564674,-0.771346
2.31822 0.621166 1.4, -0.683013 -0.183013 0.707107,-0.564674,-0.771346
2.07846 1.2 1.4, -0.612372 -0.353553 0.707107,-0.564674,-0.771346
1.69706 1.69706 1.4, -0.5 -0.5 0.707107,-0.564674,-0.771346
1.2 2.07846 1.4, -0.353553 -0.612372 0.707107,-0.56258,-0.771346
0.621166 2.31822 1.4, -0.183013 -0.683013 0.707107,-0.56258,-0.771346
-2.48188e-13 2.4 1.4, 7.3123e-14 -0.707107 0.707107,-0.56258,-0.771346
-0.621166 2.31822 1.4, 0.183013 -0.683013 0.707107,-0.56258,-0.771346
-1.2 2.07846 1.4, 0.353553 -0.612372 0.707107,-0.560635,-0.771346
-1.69706 1.69706 1.4, 0.5 -0.5 0.707107,-0.560635,-0.771346
-2.07846 1.2 1.4, 0.612372 -0.353553 0.707107,-0.560635,-0.771346
-2.31822 0.621166 1.4, 0.683013 -0.183013 0.707107,-0.560635,-0.771346
-2.4 -4.98507e-13 1.4, 0.707107 1.46874e-13 0.707107,-0.558531,-0.771346
-2.31822 -0.621166 1.4, 0.683013 0.183013 0.707107,-0.558531,-0.771346
-2.07846 -1.2 1.4, 0.612372 0.353553 0.707107,-0.558531,-0.771346
-1.69706 -1.69706 1.4, 0.5 0.5 0.707107,-0.558531,-0.771346
-1.2 -2.07846 1.4, 0.353553 0.612372 0.707107,-0.557427,-0.771346
-0.621166 -2.31822 1.4, 0.183013 0.683013 0.707107,-0.557427,-0.771346
7.49892e-13 -2.4 1.4, -2.20939e-13 0.707107 0.707107,-0.557427,-0.771346
0.621166 -2.31822 1.4, -0.183013 0.683013 0.707107,-0.557427,-0.771346
1.2 -2.07846 1.4, -0.353553 0.612372 0.707107,-0.557257,-0.771346
1.69706 -1.69706 1.4, -0.5 0.5 0.707107,-0.557257,-0.771346
2.07846 -1.2 1.4, -0.612372 0.353553 0.707107,-0.557257,-0.771346
2.31822 -0.621166 1.4, -0.683013 0.183013 0.707107,-0.557257,-0.771346
2.45 0 1.45, -0.707107 -0 0.707107,-0.555254,-0.76275
2.36652 0.634107 1.45, -0.683013 -0.183013 0.707107,-0.555254,-0.76275
2.12176 1.225 1.45, -0.612372 -0.353553 0.707107,-0.555254,-0.76275
1.73241 1.73241 1.45, -0.5 -0.5 0.707107,-0.555254,-0.76275
1.225 2.12176 1.45, -0.353553 -0.612372 0.707107,-0.551598,-0.76275
0.634107 2.36652 1.45, -0.183013 -0.683013 0.707107,-0.551598,-0.76275
-2.53358e-13 2.45 1.45, 7.3123e-14 -0.707107 0.707107,-0.551598,-0.76275
-0.634107 2.36652 1.45, 0.183013 -0.683013 0.707107,-0.551598,-0.76275
-1.225 2.12176 1.45, 0.353553 -0.612372 0.707107,-0.551184,-0.76275
-1.73241 1.73241 1.45, 0.5 -0.5 0.707107,-0.551184,-0.76275
-2.12176 1.225 1.45, 0.612372 -0.353553 0.707107,-0.551184,-0.76275
-2.36652 0.634107 1.45, 0.683013 -0.183013 0.707107,-0.551184,-0.76275
-2.45 -5.08893e-13 1.45, 0.707107 1.46874e-13 0.707107,-0.550152,-0.76275
-2.36652 -0.634107 1.45, 0.683013 0.183013 0.707107,-0.550152,-0.76275
-2.12176 -1.225 1.45, 0.612372 0.353553 0.707107,-0.550152,-0.76275
-1.73241 -1.73241 1.45, 0.5 0.5 0.707107,-0.550152,-0.76275
-1.225 -2.12176 1.45, 0.353553 0.612372 0.707107,-0.549554,-0.76275
-0.634107 -2.36652 1.45, 0.183013 0.683013 0.707107,-0.549554,-0.76275
7.65515e-13 -2.45 1.45, -2.20939e-13 0.707107 0.707107,-0.549554,-0.76275
0.634107 -2.36652 1.45, -0.183013 0.683013 0.707107,-0.549554,-0.76275
1.225 -2.12176 1.45, -0.353553 0.612372 0.707107,-0.545633,-0.76275
1.73241 -1.73241 1.45, -0.5 0.5 0.707107,-0.545633,-0.76275
2.12176 -1.225 1.45, -0.612372 0.353553 0.707107,-0.545633,-0.76275
2.36652 -0.634107 1.45, -0.683013 0.183013 0.707107,-0.545633,-0.76275
2.5 0 1.5, -0.707107 -0 0.707107,-0.543819,-0.761924
2.41481 0.647048 1.5, -0.683013 -0.183013 0.707107,-0.543819,-0.761924
2.16506 1.25 1.5, -0.612372 -0.353553 0.707107,-0.543819,-0.761924
1.76777 1.76777 1.5, -0.5 -0.5 0.707107,-0.543819,-0.761924
1.25 2.16506 1.5, -0.353553 -0.612372 0.707107,-0.543562,-0.761924
0.647048 2.41481 1.5, -0.183013 -0.683013 0.707107,-0.543562,-0.761924
-2.58529e-13 2.5 1.5, 7.3123e-14 -0.707107 0.707107,-0.543562,-0.761924
-0.647048 2.41481 1.5, 0.183013 -0.683013 0.707107,-0.543562,-0.761924
-1.25 2.16506 1.5, 0.353553 -0.612372 0.707107,-0.542861,-0.761924
-1.76777 1.76777 1.5, 0.5 -0.5 0.707107,-0.542861,-0.761924
-2.16506 1.25 1.5, 0.612372 -0.353553 0.707107,-0.542861,-0.761924
-2.41481 0.647048 1.5, 0.683013 -0.183013 0.707107,-0.542861,-0.761924
-2.5 -5.19278e-13 1.5, 0.707107 1.46874e-13 0.707107,-0.539644,-0.761924
-2.41481 -0.647048 1.5, 0.683013 0.183013 0.707107,-0.539644,-0.761924
-2.16506 -1.25 1.5, 0.612372 0.353553 0.707107,-0.539644,-0.761924
-1.76777 -1.76777 1.5, 0.5 0.5 0.707107,-0.539644,-0.761924
-1.25 -2.16506 1.5, 0.353553 0.612372 0.707107,-0.539391,-0.761924
-0.647048 -2.41481 1.5, 0.183013 0.683013 0.707107,-0.539391,-0.761924
7.81138e-13 -2.5 1.5, -2.20939e-13 0.707107 0.707107,-0.539391,-0.761924
0.647048 -2.41481 1.5, -0.183013 0.683013 0.707107,-0.539391,-0.761924
1.25 -2.16506 1.5, -0.353553 0.612372 0.707107,-0.537308,-0.761924
1.76777 -1.76777 1.5, -0.5 0.5 0.707107,-0.537308,-0.761924
2.16506 -1.25 1.5, -0.612372 0.353553 0.707107,-0.537308,-0.761924
2.41481 -0.647048 1.5, -0.683013 0.183013 0.707107,-0.537308,-0.761924
2.55 0 1.55, -0.707107 -0 0.707107,-0.536451,-0.752554
2.46311 0.659989 1.55, -0.683013 -0.183013 0.707107,-0.536451,-0.752554
2.20836 1.275 1.55, -0.612372 -0.353553 0.707107,-0.536451,-0.752554
1.80312 1.80312 1.55, -0.5 -0.5 0.707107,-0.536451,-0.752554
1.275 2.20836 1.55, -0.353553 -0.612372 0.707107,-0.535569,-0.752554
0.659989 2.46311 1.55, -0.183013 -0.683013 0.707107,-0.535569,-0.752554
-2.63699e-13 2.55 1.55, 7.3123e-14 -0.707107 0.707107,-0.535569,-0.752554
-0.659989 2.46311 1.55, 0.183013 -0.683013 0.707107,-0.535569,-0.752554
-1.275 2.20836 1.55, 0.353553 -0.612372 0.707107,-0.532903,-0.752554
-1.80312 1.80312 1.55, 0.5 -0.5 0.707107,-0.532903,-0.752554
-2.20836 1.275 1.55, 0.612372 -0.353553 0.707107,-0.532903,-0.752554
-2.46311 0.659989 1.55, 0.683013 -0.183013 0.707107,-0.532903,-0.752554
-2.55 -5.29664e-13 1.55, 0.707107 1.46874e-13 0.707107,-0.53082,-0.752554
-2.46311 -0.659989 1.55, 0.683013 0.183013 0.707107,-0.53082,-0.752554
-2.20836 -1.275 1.55, 0.612372 0.353553 0.707107,-0.53082,-0.752554
-1.80312 -1.80312 1.55, 0.5 0.5 0.707107,-0.53082,-0.752554
-1.275 -2.20836 1.55, 0.353553 0.612372 0.707107,-0.529093,-0.752554
-0.659989 -2.46311 1.55, 0.183013 0.683013 0.707107,-0.529093,-0.752554
7.96761e-13 -2.55 1.55, -2.20939e-13 0.707107 0.707107,-0.529093,-0.752554
0.659989 -2.46311 1.55, -0.183013 0.683013 0.707107,-0.529093,-0.752554
1.275 -2.20836 1.55, -0.353553 0.612372 0.707107,-0.528287,-0.752554
1.80312 -1.80312 1.55, -0.5 0.5 0.707107,-0.528287,-0.752554
2.20836 -1.275 1.55, -0.612372 0.353553 0.707107,-0.528287,-0.752554
2.46311 -0.659989 1.55, -0.683013 0.183013 0.707107,-0.528287,-0.752554
2.6 0 1.6, -0.707107 -0 0.707107,-0.526195,-0.751853
2.51141 0.67293 1.6, -0.683013 -0.183013 0.707107,-0.526195,-0.751853
2.25167 1.3 1.6, -0.612372 -0.353553 0.707107,-0.526195,-0.751853
1.83848 1.83848 1.6, -0.5 -0.5 0.707107,-0.526195,-0.751853
1.3 2.25167 1.6, -0.353553 -0.612372 0.707107,-0.524124,-0.751853
0.67293 2.51141 1.6, -0.183013 -0.683013 0.707107,-0.524124,-0.751853
-2.6887e-13 2.6 1.6, 7.3123e-14 -0.707107 0.707107,-0.524124,-0.751853
-0.67293 2.51141 1.6, 0.183013 -0.683013 0.707107,-0.524124,-0.751853
-1.3 2.25167 1.6, 0.353553 -0.612372 0.707107,-0.521754,-0.751853
-1.83848 1.83848 1.6, 0.5 -0.5 0.707107,-0.521754,-0.751853
-2.25167 1.3 1.6, 0.612372 -0.353553 0.707107,-0.521754,-0.751853
-2.51141 0.67293 1.6, 0.683013 -0.183013 0.707107,-0.521754,-0.751853
-2.6 -5.40049e-13 1.6, 0.707107 1.46874e-13 0.707107,-0.519296,-0.751853
-2.51141 -0.67293 1.6, 0.683013 0.183013 0.707107,-0.519296,-0.751853
-2.25167 -1.3 1.6, 0.612372 0.353553 0.707107,-0.519296,-0.751853
-1.83848 -1.83848 1.6, 0.5 0.5 0.707107,-0.519296,-0.751853
-1.3 -2.25167 1.6, 0.353553 0.612372 0.707107,-0.517249,-0.751853
-0.67293 -2.51141 1.6, 0.183013 0.683013 0.707107,-0.517249,-0.751853
8.12383e-13 -2.6 1.6, -2.20939e-13 0.707107 0.707107,-0.517249,-0.751853
0.67293 -2.51141 1.6, -0.183013 0.683013 0.707107,-0.517249,-0.751853
1.3 -2.25167 1.6, -0.353553 0.612372 0.707107,-0.512233,-0.751853
1.83848 -1.83848 1.6, -0.5 0.5 0.707107,-0.512233,-0.751853
2.25167 -1.3 1.6, -0.612372 0.353553 0.707107,-0.512233,-0.751853
2.51141 -0.67293 1.6, -0.683013 0.183013 0.707107,-0.512233,-0.751853
2.65 0 1.65, -0.707107 -0 0.707107,-0.510219,-0.741792
2.5597 0.68587 1.65, -0.683013 -0.183013 0.707107,-0.510219,-0.741792
2.29497 1.325 1.65, -0.612372 -0.353553 0.707107,-0.510219,-0.741792
1.87383 1.87383 1.65, -0.5 -0.5 0.707107,-0.510219,-0.741792
1.325 2.29497 1.65, -0.353553 -0.612372 0.707107,-0.505031,-0.741792
0.68587 2.5597 1.65, -0.183013 -0.683013 0.707107,-0.505031,-0.741792
-2.74041e-13 2.65 1.65, 7.3123e-14 -0.707107 0.707107,-0.505031,-0.741792
-0.68587 2.5597 1.65, 0.183013 -0.683013 0.707107,-0.505031,-0.741792
-1.325 2.29497 1.65, 0.353553 -0.612372 0.707107,-0.503058,-0.741792
-1.87383 1.87383 1.65, 0.5 -0.5 0.707107,-0.503058,-0.741792
-2.29497 1.325 1.65, 0.612372 -0.353553 0.707107,-0.503058,-0.741792
-2.5597 0.68587 1.65, 0.683013 -0.183013 0.707107,-0.503058,-0.741792
-2.65 -5.50435e-13 1.65, 0.707107 1.46874e-13 0.707107,-0.497714,-0.741792
-2.5597 -0.68587 1.65, 0.683013 0.183013 0.707107,-0.497714,-0.741792
-2.29497 -1.325 1.65, 0.612372 0.353553 0.707107,-0.497714,-0.741792
-1.87383 -1.87383 1.65, 0.5 0.5 0.707107,-0.497714,-0.741792
-1.325 -2.29497 1.65, 0.353553 0.612372 0.707107,-0.495791,-0.741792
-0.68587 -2.5597 1.65, 0.183013 0.683013 0.707107,-0.495791,-0.741792
8.28006e-13 -2.65 1.65, -2.20939e-13 0.707107 0.707107,-0.495791,-0.741792
0.68587 -2.5597 1.65, -0.183013 0.683013 0.707107,-0.495791,-0.741792
1.325 -2.29497 1.65, -0.353553 0.612372 0.707107,-0.490305,-0.741792
1.87383 -1.87383 1.65, -0.5 0.5 0.707107,-0.490305,-0.741792
2.29497 -1.325 1.65, -0.612372 0.353553 0.707107,-0.490305,-0.741792
2.5597 -0.68587 1.65, -0.683013 0.183013 0.707107,-0.490305,-0.741792
2.7 0 1.7, -0.707107 -0 0.707107,-0.488439,-0.741241
2.608 0.698811 1.7, -0.683013 -0.183013 0.707107,-0.488439,-0.741241
2.33827 1.35 1.7, -0.612372 -0.353553 0.707107,-0.488439,-0.741241
1.90919 1.90919 1.7, -0.5 -0.5 0.707107,-0.488439,-0.741241
1.35 2.33827 1.7, -0.353553 -0.612372 0.707107,-0.482827,-0.741241
0.698811 2.608 1.7, -0.183013 -0.683013 0.707107,-0.482827,-0.741241
-2.79211e-13 2.7 1.7, 7.3123e-14 -0.707107 0.707107,-0.482827,-0.741241
-0.698811 2.608 1.7, 0.183013 -0.683013 0.707107,-0.482827,-0.741241
-1.35 2.33827 1.7, 0.353553 -0.612372 0.707107,-0.481024,-0.741241
-1.90919 1.90919 1.7, 0.5 -0.5 0.707107,-0.481024,-0.741241
-2.33827 1.35 1.7, 0.612372 -0.353553 0.707107,-0.481024,-0.741241
-2.608 0.698811 1.7, 0.683013 -0.183013 0.707107,-0.481024,-0.741241
-2.7 -5.6082e-13 1.7, 0.707107 1.46874e-13 0.707107,-0.475299,-0.741241
-2.608 -0.698811 1.7, 0.683013 0.183013 0.707107,-0.475299,-0.741241
-2.33827 -1.35 1.7, 0.612372 0.353553 0.707107,-0.475299,-0.741241
-1.90919 -1.90919 1.7, 0.5 0.5 0.707107,-0.475299,-0.741241
-1.35 -2.33827 1.7, 0.353553 0.612372 0.707107,-0.473563,-0.741241
-0.698811 -2.608 1.7, 0.183013 0.683013 0.707107,-0.473563,-0.741241
8.43629e-13 -2.7 1.7, -2.20939e-13 0.707107 0.707107,-0.473563,-0.741241
0.698811 -2.608 1.7, -0.183013 0.683013 0.707107,-0.473563,-0.741241
1.35 -2.33827 1.7, -0.353553 0.612372 0.707107,-0.468625,-0.741241
1.90919 -1.90919 1.7, -0.5 0.5 0.707107,-0.468625,-0.741241
2.33827 -1.35 1.7, -0.612372 0.353553 0.707107,-0.46774,-0.741241
2.608 -0.698811 1.7, -0.683013 0.183013 0.707107,-0.46774,-0.741241
2.75 0 1.75, -0.707107 -0 0.707107,-0.46774,-0.730568
2.6563 0.711752 1.75, -0.683013 -0.183013 0.707107,-0.46774,-0.730568
2.38157 1.375 1.75, -0.612372 -0.353553 0.707107,-0.466077,-0.730568
1.94454 1.94454 1.75, -0.5 -0.5 0.707107,-0.466077,-0.730568
1.375 2.38157 1.75, -0.353553 -0.612372 0.707107,-0.466077,-0.730568
0.711752 2.6563 1.75, -0.183013 -0.683013 0.707107,-0.466077,-0.730568
-2.84382e-13 2.75 1.75, 7.3123e-14 -0.707107 0.707107,-0.465968,-0.730568
-0.711752 2.6563 1.75, 0.183013 -0.683013 0.707107,-0.465968,-0.730568
-1.375 2.38157 1.75, 0.353553 -0.612372 0.707107,-0.462905,-0.730568
-1.94454 1.94454 1.75, 0.5 -0.5 0.707107,-0.462905,-0.730568
-2.38157 1.375 1.75, 0.612372 -0.353553 0.707107,-0.460167,-0.730568
-2.6563 0.711752 1.75, 0.683013 -0.183013 0.707107,-0.460167,-0.730568
-2.75 -5.71206e-13 1.75, 0.707107 1.46874e-13 0.707107,-0.460167,-0.730568
-2.6563 -0.711752 1.75, 0.683013 0.183013 0.707107,-0.460167,-0.730568
-2.38157 -1.375 1.75, 0.612372 0.353553 0.707107,-0.460156,-0.730568
-1.94454 -1.94454 1.75, 0.5 0.5 0.707107,-0.460156,-0.730568
-1.375 -2.38157 1.75, 0.353553 0.612372 0.707107,-0.45858,-0.730568
-0.711752 -2.6563 1.75, 0.183013 0.683013 0.707107,-0.45858,-0.730568
8.59252e-13 -2.75 1.75, -2.20939e-13 0.707107 0.707107,-0.45858,-0.730568
0.711752 -2.6563 1.75, -0.183013 0.683013 0.707107,-0.45858,-0.730568
1.375 -2.38157 1.75, -0.353553 0.612372 0.707107,-0.456822,-0.730568
1.94454 -1.94454 1.75, -0.5 0.5 0.707107,-0.456822,-0.730568
2.38157 -1.375 1.75, -0.612372 0.353553 0.707107,-0.454001,-0.730568
2.6563 -0.711752 1.75, -0.683013 0.183013 0.707107,-0.454001,-0.730568
2.8 0 1.8, -0.707107 -0 0.707107,-0.452598,-0.730187
2.70459 0.724693 1.8, -0.683013 -0.183013 0.707107,-0.452598,-0.730187
2.42487 1.4 1.8, -0.612372 -0.353553 0.707107,-0.452598,-0.730187
1.9799 1.9799 1.8, -0.5 -0.5 0.707107,-0.452598,-0.730187
1.4 2.42487 1.8, -0.353553 -0.612372 0.707107,-0.45109,-0.730187
0.724693 2.70459 1.8, -0.183013 -0.683013 0.707107,-0.45109,-0.730187
-2.89552e-13 2.8 1.8, 7.3123e-14 -0.707107 0.707107,-0.45109,-0.730187
-0.724693 2.70459 1.8, 0.183013 -0.683013 0.707107,-0.45109,-0.730187
-1.4 2.42487 1.8, 0.353553 -0.612372 0.707107,-0.450411,-0.730187
-1.9799 1.9799 1.8, 0.5 -0.5 0.707107,-0.450411,-0.730187
-2.42487 1.4 1.8, 0.612372 -0.353553 0.707107,-0.447536,-0.730187
-2.70459 0.724693 1.8, 0.683013 -0.183013 0.707107,-0.447536,-0.730187
-2.8 -5.81592e-13 1.8, 0.707107 1.46874e-13 0.707107,-0.445047,-0.730187
-2.70459 -0.724693 1.8, 0.683013 0.183013 0.707107,-0.445047,-0.730187
-2.42487 -1.4 1.8, 0.612372 0.353553 0.707107,-0.445047,-0.730187
-1.9799 -1.9799 1.8, 0.5 0.5 0.707107,-0.445047,-0.730187
-1.4 -2.42487 1.8, 0.353553 0.612372 0.707107,-0.443704,-0.730187
-0.724693 -2.70459 1.8, 0.183013 0.683013 0.707107,-0.443704,-0.730187
8.74874e-13 -2.8 1.8, -2.20939e-13 0.707107 0.707107,-0.443619,-0.730187
0.724693 -2.70459 1.8, -0.183013 0.683013 0.707107,-0.443619,-0.730187
1.4 -2.42487 1.8, -0.353553 0.612372 0.707107,-0.443619,-0.730187
1.9799 -1.9799 1.8, -0.5 0.5 0.707107,-0.443619,-0.730187
2.42487 -1.4 1.8, -0.612372 0.353553 0.707107,-0.440794,-0.730187
2.70459 -0.724693 1.8, -0.683013 0.183013 0.707107,-0.440794,-0.730187
2.85 0 1.85, -0.707107 -0 0.707107,-0.437527,-0.718978
2.75289 0.737634 1.85, -0.683013 -0.183013 0.707107,-0.437527,-0.718978
2.46817 1.425 1.85, -0.612372 -0.353553 0.707107,-0.437527,-0.718978
2.01525 2.01525 1.85, -0.5 -0.5 0.707107,-0.437527,-0.718978
1.425 2.46817 1.85, -0.353553 -0.612372 0.707107,-0.436737,-0.718978
0.737634 2.75289 1.85, -0.183013 -0.683013 0.707107,-0.436737,-0.718978
-2.94723e-13 2.85 1.85, 7.3123e-14 -0.707107 0.707107,-0.436182,-0.718978
-0.737634 2.75289 1.85, 0.183013 -0.683013 0.707107,-0.436182,-0.718978
-1.425 2.46817 1.85, 0.353553 -0.612372 0.707107,-0.436182,-0.718978
-2.01525 2.01525 1.85, 0.5 -0.5 0.707107,-0.436182,-0.718978
-2.46817 1.425 1.85, 0.612372 -0.353553 0.707107,-0.433808,-0.718978
-2.75289 0.737634 1.85, 0.683013 -0.183013 0.707107,-0.433808,-0.718978
-2.85 -5.91977e-13 1.85, 0.707107 1.46874e-13 0.707107,-0.43005,-0.718978
-2.75289 -0.737634 1.85, 0.683013 0.183013 0.707107,-0.43005,-0.718978
-2.46817 -1.425 1.85, 0.612372 0.353553 0.707107,-0.43005,-0.718978
-2.01525 -2.01525 1.85, 0.5 0.5 0.707107,-0.43005,-0.718978
-1.425 -2.46817 1.85, 0.353553 0.612372 0.707107,-0.429542,-0.718978
-0.737634 -2.75289 1.85, 0.183013 0.683013 0.707107,-0.429542,-0.718978
8.90497e-13 -2.85 1.85, -2.20939e-13 0.707107 0.707107,-0.42661,-0.718978
0.737634 -2.75289 1.85, -0.183013 0.683013 0.707107,-0.42661,-0.718978
1.425 -2.46817 1.85, -0.353553 0.612372 0.707107,-0.422153,-0.718978
2.01525 -2.01525 1.85, -0.5 0.5 0.707107,-0.422153,-0.718978
2.46817 -1.425 1.85, -0.612372 0.353553 0.707107,-0.419233,-0.718978
2.75289 -0.737634 1.85, -0.683013 0.183013 0.707107,-0.419233,-0.718978
2.9 0 1.9, -0.707107 -0 0.707107,-0.418301,-0.718782
2.80118 0.750575 1.9, -0.683013 -0.183013 0.707107,-0.418301,-0.718782
2.51147 1.45 1.9, -0.612372 -0.353553 0.707107,-0.414602,-0.718782
2.05061 2.05061 1.9, -0.5 -0.5 0.707107,-0.414602,-0.718782
1.45 2.51147 1.9, -0.353553 -0.612372 0.707107,-0.411707,-0.718782
0.750575 2.80118 1.9, -0.183013 -0.683013 0.707107,-0.411707,-0.718782
-2.99894e-13 2.9 1.9, 7.3123e-14 -0.707107 0.707107,-0.406918,-0.718782
-0.750575 2.80118 1.9, 0.183013 -0.683013 0.707107,-0.406918,-0.718782
-1.45 2.51147 1.9, 0.353553 -0.612372 0.707107,-0.404061,-0.718782
-2.05061 2.05061 1.9, 0.5 -0.5 0.707107,-0.404061,-0.718782
-2.51147 1.45 1.9, 0.612372 -0.353553 0.707107,-0.399132,-0.718782
-2.80118 0.750575 1.9, 0.683013 -0.183013 0.707107,-0.399132,-0.718782
-2.9 -6.02363e-13 1.9, 0.707107 1.46874e-13 0.707107,-0.396323,-0.718782
-2.80118 -0.750575 1.9, 0.683013 0.183013 0.707107,-0.396323,-0.718782
-2.51147 -1.45 1.9, 0.612372 0.353553 0.707107,-0.391271,-0.718782
-2.05061 -2.05061 1.9, 0.5 0.5 0.707107,-0.391271,-0.718782
-1.45 -2.51147 1.9, 0.353553 0.612372 0.707107,-0.38852,-0.718782
-0.750575 -2.80118 1.9, 0.183013 0.683013 0.707107,-0.38852,-0.718782
9.0612e-13 -2.9 1.9, -2.20939e-13 0.707107 0.707107,-0.383361,-0.718782
0.750575 -2.80118 1.9, -0.183013 0.683013 0.707107,-0.383361,-0.718782
1.45 -2.51147 1.9, -0.353553 0.612372 0.707107,-0.380677,-0.718782
2.05061 -2.05061 1.9, -0.5 0.5 0.707107,-0.380677,-0.718782
2.51147 -1.45 1.9, -0.612372 0.353553 0.707107,-0.375427,-0.718782
2.80118 -0.750575 1.9, -0.683013 0.183013 0.707107,-0.375427,-0.718782
2.95 0 1.95, -0.707107 -0 0.707107,-0.372816,-0.707107
2.84948 0.763516 1.95, -0.683013 -0.183013 0.707107,-0.372816,-0.707107
2.55477 1.475 1.95, -0.612372 -0.353553 0.707107,-0.36749,-0.707107
2.08597 2.08597 1.95, -0.5 -0.5 0.707107,-0.36749,-0.707107
1.475 2.55477 1.95, -0.353553 -0.612372 0.707107,-0.364958,-0.707107
0.763516 2.84948 1.95, -0.183013 -0.683013 0.707107,-0.364958,-0.707107
-3.05064e-13 2.95 1.95, 7.3123e-14 -0.707107 0.707107,-0.359572,-0.707107
-0.763516 2.84948 1.95, 0.183013 -0.683013 0.707107,-0.359572,-0.707107
-1.475 2.55477 1.95, 0.353553 -0.612372 0.707107,-0.357125,-0.707107
-2.08597 2.08597 1.95, 0.5 -0.5 0.707107,-0.357125,-0.707107
-2.55477 1.475 1.95, 0.612372 -0.353553 0.707107,-0.351691,-0.707107
-2.84948 0.763516 1.95, 0.683013 -0.183013 0.707107,-0.351691,-0.707107
-2.95 -6.12748e-13 1.95, 0.707107 1.46874e-13 0.707107,-0.349332,-0.707107
-2.84948 -0.763516 1.95, 0.683013 0.183013 0.707107,-0.349332,-0.707107
-2.55477 -1.475 1.95, 0.612372 0.353553 0.707107,-0.343864,-0.707107
-2.08597 -2.08597 1.95, 0.5 0.5 0.707107,-0.343864,-0.707107
-1.475 -2.55477 1.95, 0.353553 0.612372 0.707107,-0.341597,-0.707107
-0.763516 -2.84948 1.95, 0.183013 0.683013 0.707107,-0.341597,-0.707107
9.21743e-13 -2.95 1.95, -2.20939e-13 0.707107 0.707107,-0.336107,-0.707107
0.763516 -2.84948 1.95, -0.183013 0.683013 0.707107,-0.336107,-0.707107
1.475 -2.55477 1.95, -0.353553 0.612372 0.707107,-0.333935,-0.707107
2.08597 -2.08597 1.95, -0.5 0.5 0.707107,-0.333935,-0.707107
2.55477 -1.475 1.95, -0.612372 0.353553 0.707107,-0.328434,-0.707107
2.84948 -0.763516 1.95, -0.683013 0.183013 0.707107,-0.328434,-0.707107
